Nombre,Pan Frances,Pan Queso,Pancacho,Complejidad Pan Frances,Complejidad Pan Quezo,Complejidad Pancacho,Eficiencia,Estado
s,1,1,1,1.16,1.17,1.48,1.0,No cumple
s,1,1,1,1.24,1.12,1.05,1.0,No cumple
fd,1,1,1,1.06,1.05,1.14,1.0,No cumple
231,1,1,1,1.35,1.24,1.4,1.0,No cumple
julian,12,12,12,1.3,1.39,1.42,12.000000000000002,No cumple
julian,1222,12,12,1.21,1.47,1.22,387.41025641025647,Cumple
jahns,1111,11,21,1.25,1.28,1.31,372.48437499999994,Cumple
julian,324,234,342,1.48,1.35,1.4,301.23404255319144,Cumple
juliam,244,344,432,1.45,1.34,1.41,339.02,Cumple
